timestamp,x,y,z,w
1495014828184734,-0.622253,-0.151672,0.000793457,0.767944
1495014828199773,-0.622253,-0.151672,0.000793457,0.768005
1495014828223840,-0.622192,-0.151672,0.000793457,0.768005
1495014828244253,-0.622803,-0.151794,0.000854492,0.767517
1495014828260207,-0.622925,-0.151672,0.000793457,0.767395
1495014828283428,-0.622681,-0.151611,0.000671387,0.767639
1495014828338378,-0.622681,-0.151611,0.000671387,0.7677
1495014828340479,-0.62262,-0.151611,0.000671387,0.7677
1495014828345161,-0.62262,-0.151489,0.000427246,0.767761
1495014828365547,-0.622559,-0.151489,0.000427246,0.767761
1495014828383262,-0.622498,-0.151489,0.000427246,0.767822
1495014828414345,-0.622559,-0.151367,0.000427246,0.767761
1495014828464735,-0.62262,-0.151306,0.000549316,0.767761
1495014828465487,-0.62262,-0.151306,0.000549316,0.767761
1495014828465487,-0.622253,-0.151245,0.000671387,0.768066
1495014828484748,-0.621887,-0.151245,0.000488281,0.768372
1495014828500580,-0.621826,-0.151184,0.000549316,0.768372
1495014828521843,-0.622192,-0.151123,0.000366211,0.768127
1495014828539685,-0.622375,-0.151062,0.000305176,0.768005
1495014828561739,-0.622375,-0.151062,0.000305176,0.768005
1495014828584799,-0.62207,-0.151001,0.000366211,0.768311
1495014828604865,-0.622009,-0.151001,0.000366211,0.768311
1495014828621908,-0.622192,-0.15094,0.000244141,0.768188
1495014828642143,-0.622437,-0.150879,0.00012207,0.768005
1495014828675041,-0.622437,-0.150879,0.00012207,0.768005
1495014828682066,-0.622375,-0.150879,0.00012207,0.768066
1495014828702111,-0.622375,-0.150757,0.000244141,0.768066
1495014828720161,-0.622498,-0.150696,0.000305176,0.768005
1495014828748239,-0.622437,-0.150696,0.000305176,0.768005
1495014828763291,-0.622437,-0.150757,0.000305176,0.768005
1495014828779318,-0.622437,-0.150757,0.000305176,0.768005
1495014828802380,-0.622498,-0.150696,0.00012207,0.768005
1495014828823439,-0.622437,-0.150696,0.00012207,0.768005
1495014828839489,-0.622437,-0.150513,0.000183105,0.768066
1495014828862538,-0.622314,-0.15033,0,0.768188
1495014828883597,-0.622742,-0.150513,-0.000305176,0.767761
1495014828899641,-0.623108,-0.150879,-0.000915527,0.767456
1495014828922716,-0.623596,-0.151123,-0.00140381,0.767029
1495014828942985,-0.623352,-0.151184,-0.00158691,0.767151
1495014828958805,-0.623352,-0.151428,-0.00183105,0.767151
1495014828981866,-0.62384,-0.151367,-0.00231934,0.766785
1495014829002959,-0.624512,-0.151428,-0.00292969,0.766235
1495014829018961,-0.625122,-0.151855,-0.00335693,0.765564
1495014829041028,-0.625793,-0.152344,-0.00366211,0.764954
1495014829062072,-0.626343,-0.152649,-0.00415039,0.764465
1495014829079116,-0.626953,-0.152954,-0.0045166,0.763855
1495014829101174,-0.627319,-0.153137,-0.00506592,0.76355
1495014829124236,-0.627808,-0.153564,-0.00531006,0.763062
1495014829139284,-0.627808,-0.153503,-0.00524902,0.763062
1495014829161336,-0.627563,-0.153564,-0.0055542,0.763245
1495014829183400,-0.627502,-0.153625,-0.00634766,0.763245
1495014829198431,-0.628357,-0.153809,-0.00628662,0.762512
1495014829221492,-0.628967,-0.154358,-0.00543213,0.761963
1495014829243550,-0.627869,-0.154602,-0.00469971,0.762756
1495014829258589,-0.627563,-0.154724,-0.0045166,0.763
1495014829281686,-0.628113,-0.154358,-0.00531006,0.762634
1495014829303711,-0.628113,-0.154114,-0.00549316,0.762695
1495014829319789,-0.628052,-0.153931,-0.00482178,0.762756
1495014829341814,-0.627197,-0.153442,-0.00482178,0.763611
1495014829363872,-0.627441,-0.15332,-0.00518799,0.763367
1495014829379037,-0.627502,-0.153442,-0.00457764,0.763306
1495014829401301,-0.626526,-0.153809,-0.00317383,0.764099
1495014829424463,-0.625977,-0.153625,-0.00244141,0.764587
1495014829446234,-0.625916,-0.153198,-0.00183105,0.764709
1495014829467360,-0.626099,-0.152771,-0.00115967,0.764648
1495014829484195,-0.626099,-0.152161,0.000427246,0.764771
1495014829506259,-0.625549,-0.151855,0.00128174,0.765259
1495014829527316,-0.625488,-0.151611,0.00189209,0.765381
1495014829544355,-0.625183,-0.151428,0.00195313,0.765686
1495014829566420,-0.625793,-0.151306,0.00280762,0.765198
1495014829587468,-0.625549,-0.151245,0.00421143,0.765381
1495014829603509,-0.625183,-0.151001,0.00494385,0.765686
1495014829626571,-0.625366,-0.150635,0.00531006,0.765686
1495014829648655,-0.624878,-0.150452,0.00592041,0.766052
1495014829663669,-0.624817,-0.150757,0.00701904,0.766052
1495014829686730,-0.624817,-0.150879,0.00805664,0.765991
1495014829709010,-0.624451,-0.150696,0.00866699,0.766296
1495014829723829,-0.624512,-0.150024,0.00866699,0.766418
1495014829745887,-0.62561,-0.15033,0.00946045,0.765442
1495014829768948,-0.624573,-0.149841,0.010437,0.766418
1495014829782985,-0.624451,-0.149597,0.0111084,0.766541
1495014829806232,-0.624573,-0.149231,0.0112305,0.766479
1495014829829110,-0.625366,-0.14978,0.0119019,0.765747
1495014829843148,-0.625122,-0.149658,0.0130615,0.76593
1495014829866207,-0.624084,-0.149597,0.0137329,0.766785
1495014829889271,-0.623962,-0.149536,0.0137329,0.766907
1495014829910454,-0.625,-0.150208,0.0154419,0.765869
1495014829926370,-0.624573,-0.149536,0.0174561,0.766296
1495014829948609,-0.62384,-0.14917,0.019043,0.766968
1495014829963475,-0.623474,-0.148804,0.0187378,0.767334
1495014829986533,-0.625061,-0.148376,0.0189209,0.766113
1495014830016622,-0.627625,-0.148865,0.0201416,0.763855
1495014830029651,-0.626831,-0.147766,0.0215454,0.764709
1495014830046704,-0.627869,-0.147217,0.0223389,0.763916
1495014830068796,-0.625366,-0.146484,0.0206909,0.766174
1495014830089985,-0.627258,-0.146729,0.020752,0.764587
1495014830106857,-0.627747,-0.145996,0.0219116,0.764282
1495014830128908,-0.626648,-0.146179,0.0217896,0.765137
1495014830149967,-0.62616,-0.145447,0.0209961,0.765686
1495014830167014,-0.626831,-0.146118,0.0203247,0.765076
1495014830189080,-0.628052,-0.146179,0.020813,0.764038
1495014830210328,-0.628174,-0.14624,0.0210571,0.763916
1495014830227171,-0.627075,-0.145935,0.0205688,0.764893
1495014830249229,-0.627991,-0.145874,0.0201416,0.76416
1495014830270452,-0.628967,-0.146362,0.0200806,0.763245
1495014830286339,-0.628601,-0.145996,0.0203857,0.763672
1495014830309390,-0.628113,-0.145752,0.0202026,0.764099
1495014830337673,-0.627319,-0.145569,0.0194092,0.764771
1495014830346538,-0.627991,-0.14563,0.0194092,0.764221
1495014830368551,-0.628723,-0.146484,0.0194702,0.763489
1495014830390605,-0.628723,-0.147217,0.0192261,0.763367
1495014830406656,-0.628052,-0.147522,0.0188599,0.763794
1495014830428705,-0.629089,-0.147034,0.0179443,0.763062
1495014830449932,-0.628967,-0.146057,0.0187988,0.763367
1495014830466814,-0.629639,-0.147034,0.0187988,0.762634
1495014830488868,-0.628662,-0.146851,0.0178833,0.763489
1495014830510159,-0.628784,-0.146973,0.0162964,0.763428
1495014830526969,-0.630188,-0.147034,0.0142212,0.762268
1495014830549034,-0.630249,-0.146545,0.0118408,0.762329
1495014830571159,-0.63092,-0.148376,0.0134888,0.761414
1495014830586125,-0.628052,-0.149902,0.013916,0.763489
1495014830609199,-0.627502,-0.150085,0.0130005,0.763916
1495014830631245,-0.628296,-0.149231,0.0123901,0.763428
1495014830645280,-0.627869,-0.148315,0.0112305,0.763977
1495014830669347,-0.627869,-0.147705,0.00964355,0.764099
1495014830691411,-0.627014,-0.147644,0.00811768,0.764832
1495014830705454,-0.626526,-0.14856,0.00701904,0.765076
1495014830728507,-0.626099,-0.149414,0.00604248,0.765259
1495014830751565,-0.625977,-0.150208,0.00476074,0.765259
1495014830765610,-0.625305,-0.150818,0.00372314,0.765625
1495014830788664,-0.625366,-0.151917,0.00354004,0.765442
1495014830810722,-0.625,-0.152222,0.00335693,0.765625
1495014830825777,-0.625061,-0.152344,0.00244141,0.765564
1495014830850850,-0.625488,-0.151611,0.00134277,0.765381
1495014830871903,-0.624695,-0.151123,0.000671387,0.766113
1495014830885933,-0.623779,-0.151001,0.0010376,0.766907
1495014830909038,-0.622864,-0.151062,0.00152588,0.767578
1495014830931150,-0.623047,-0.151123,0.0010376,0.767456
1495014830953101,-0.623718,-0.151001,0.000244141,0.766907
1495014830969156,-0.623962,-0.151001,-0.000183105,0.766724
1495014830991202,-0.623779,-0.151123,-0.000366211,0.766846
1495014831012314,-0.624146,-0.151062,-0.000366211,0.766602
1495014831029303,-0.623718,-0.150818,-0.000732422,0.766968
1495014831051364,-0.623352,-0.150635,-0.000915527,0.767273
1495014831072662,-0.622559,-0.150574,-0.000915527,0.767944
1495014831088652,-0.623108,-0.150635,-0.000793457,0.767456
1495014831111523,-0.623291,-0.150452,-0.000976563,0.767334
1495014831132771,-0.622803,-0.150269,-0.00128174,0.767822
1495014831148621,-0.622498,-0.150208,-0.00146484,0.768066
1495014831171690,-0.622498,-0.150085,-0.00146484,0.768066
1495014831192970,-0.623169,-0.150208,-0.00170898,0.767517
1495014831208791,-0.623657,-0.150269,-0.00183105,0.767151
1495014831231843,-0.623718,-0.150391,-0.0020752,0.767029
1495014831253038,-0.624207,-0.150208,-0.00250244,0.766724
1495014831268951,-0.624817,-0.150146,-0.00286865,0.766174
1495014831291000,-0.625977,-0.150513,-0.00268555,0.765198
1495014831313059,-0.625427,-0.150574,-0.00262451,0.765625
1495014831329111,-0.625793,-0.150696,-0.00280762,0.765259
1495014831351160,-0.626404,-0.150879,-0.00335693,0.764771
1495014831372272,-0.62738,-0.151367,-0.003479,0.763855
1495014831379274,-0.627747,-0.151672,-0.00390625,0.763489
1495014831394282,-0.628235,-0.151733,-0.0043335,0.763062
1495014831419343,-0.627869,-0.151611,-0.00463867,0.763428
1495014831440402,-0.627258,-0.151733,-0.00463867,0.763855
1495014831454440,-0.627991,-0.151917,-0.00408936,0.763245
1495014831476495,-0.628479,-0.151794,-0.00341797,0.762817
1495014831499723,-0.62793,-0.151733,-0.00323486,0.763306
1495014831514815,-0.627197,-0.151733,-0.00311279,0.763916
1495014831536883,-0.627136,-0.1521,-0.00231934,0.763916
1495014831559848,-0.626709,-0.152039,-0.00189209,0.764282
1495014831577763,-0.626892,-0.1521,-0.0020752,0.76416
1495014831597005,-0.626587,-0.152283,-0.00177002,0.764343
1495014831619103,-0.626099,-0.152283,-0.00128174,0.764709
1495014831634915,-0.625977,-0.152405,-0.000915527,0.764832
1495014831657192,-0.625916,-0.152344,-0.000915527,0.764832
1495014831679263,-0.625122,-0.152344,-0.000732422,0.765503
1495014831694075,-0.624756,-0.152344,-0.000488281,0.765808
1495014831717144,-0.624878,-0.152222,-0.000549316,0.765747
1495014831739385,-0.625061,-0.152161,-0.000732422,0.765564
1495014831754428,-0.624817,-0.152405,-0.000549316,0.765747
1495014831777295,-0.624756,-0.152771,0.00012207,0.765747
1495014831799614,-0.624023,-0.153015,0.000549316,0.766235
1495014831814399,-0.624573,-0.152832,0.000549316,0.765869
1495014831837454,-0.624878,-0.152466,0.000427246,0.765686
1495014831855501,-0.624634,-0.152588,0.0012207,0.765869
1495014831874733,-0.623962,-0.152466,0.00219727,0.766418
1495014831896816,-0.623962,-0.152344,0.00219727,0.766479
1495014831914672,-0.623962,-0.151855,0.00146484,0.766541
1495014831934713,-0.624695,-0.151794,0.00164795,0.765991
1495014831956961,-0.624817,-0.151733,0.0022583,0.765869
1495014831974821,-0.624084,-0.151611,0.00262451,0.766541
1495014831993879,-0.623596,-0.151428,0.00213623,0.766907
1495014832017940,-0.62439,-0.151733,0.00268555,0.766235
1495014832034979,-0.624451,-0.151733,0.00360107,0.766174
1495014832054059,-0.623535,-0.151855,0.00421143,0.766907
1495014832077089,-0.622498,-0.15155,0.003479,0.767761
1495014832095138,-0.623657,-0.152039,0.00341797,0.766724
1495014832114192,-0.624451,-0.1521,0.0043335,0.766113
1495014832137250,-0.623901,-0.151794,0.00531006,0.766602
1495014832154294,-0.622498,-0.15155,0.00476074,0.767761
1495014832175351,-0.623291,-0.151672,0.00457764,0.767151
1495014832196411,-0.624512,-0.151428,0.00518799,0.766174
1495014832214455,-0.623901,-0.151184,0.00549316,0.766724
1495014832237520,-0.622681,-0.150635,0.00469971,0.767822
1495014832256596,-0.623047,-0.150757,0.00445557,0.767517
1495014832274618,-0.624084,-0.150879,0.00524902,0.766663
1495014832295671,-0.623108,-0.150635,0.00622559,0.767456
1495014832316757,-0.621582,-0.15033,0.00585938,0.768799
1495014832334775,-0.62207,-0.149719,0.00457764,0.768494
1495014832355832,-0.623901,-0.150085,0.00488281,0.766968
1495014832376890,-0.624146,-0.150208,0.00592041,0.766724
1495014832394938,-0.623413,-0.149963,0.00665283,0.767334
1495014832416994,-0.622375,-0.149536,0.00610352,0.76825
1495014832437047,-0.623535,-0.149353,0.00543213,0.767395
1495014832455095,-0.625488,-0.148621,0.00524902,0.76593
1495014832477154,-0.626709,-0.148254,0.0055542,0.764954
1495014832497207,-0.626587,-0.147888,0.00598145,0.765198
1495014832514251,-0.62677,-0.147888,0.00610352,0.765015
1495014832537348,-0.626953,-0.147461,0.00616455,0.764954
1495014832556399,-0.627502,-0.147278,0.00695801,0.764526
1495014832574412,-0.627136,-0.147034,0.00750732,0.764832
1495014832597472,-0.627686,-0.147278,0.00671387,0.764404
1495014832617555,-0.628113,-0.147278,0.00585938,0.764038
1495014832635576,-0.628113,-0.147217,0.00610352,0.764038
1495014832657634,-0.627686,-0.147888,0.00732422,0.764282
1495014832676691,-0.626038,-0.147949,0.00689697,0.765625
1495014832694735,-0.628418,-0.148254,0.00610352,0.76355
1495014832716792,-0.628296,-0.147766,0.0057373,0.763794
1495014832736900,-0.626953,-0.147949,0.00494385,0.764832
1495014832754897,-0.627686,-0.148499,0.00531006,0.76416
1495014832776958,-0.62677,-0.148682,0.00604248,0.764893
1495014832797191,-0.626099,-0.148804,0.00561523,0.765381
1495014832815055,-0.627808,-0.148865,0.00610352,0.763977
1495014832838115,-0.62677,-0.148804,0.00646973,0.764832
1495014832857372,-0.624695,-0.148987,0.00671387,0.766541
1495014832874213,-0.623352,-0.149353,0.0065918,0.767517
1495014832897275,-0.623352,-0.149841,0.00616455,0.767456
1495014832917339,-0.624207,-0.149841,0.0055542,0.766724
1495014832934374,-0.624695,-0.149719,0.00512695,0.766357
1495014832961453,-0.62384,-0.149597,0.00476074,0.76709
1495014832977486,-0.622864,-0.14978,0.00506592,0.767822
1495014832993531,-0.621887,-0.150085,0.00549316,0.768555
1495014833016650,-0.621094,-0.149963,0.00531006,0.769226
1495014833037865,-0.621338,-0.149719,0.00482178,0.769104
1495014833053690,-0.620911,-0.149658,0.00427246,0.76947
1495014833076754,-0.620605,-0.149841,0.00408936,0.769653
1495014833097965,-0.620483,-0.150085,0.00427246,0.769714
1495014833113851,-0.620667,-0.150085,0.00427246,0.769592
1495014833135910,-0.620789,-0.150085,0.00408936,0.76947
1495014833158044,-0.620789,-0.150208,0.00372314,0.76947
1495014833174018,-0.62085,-0.150146,0.003479,0.769409
1495014833196127,-0.621582,-0.150208,0.0032959,0.76886
1495014833218128,-0.622131,-0.150085,0.00311279,0.768372
1495014833240357,-0.622314,-0.149963,0.00299072,0.76825
1495014833256236,-0.622314,-0.149963,0.00299072,0.76825
1495014833277290,-0.622314,-0.149963,0.00299072,0.76825
1495014833294330,-0.622437,-0.149902,0.00305176,0.768188
1495014833316404,-0.622803,-0.149841,0.00262451,0.767883
1495014833337646,-0.622742,-0.149475,0.00231934,0.768005
1495014833353684,-0.622925,-0.149414,0.00213623,0.767883
1495014833376552,-0.623291,-0.149231,0.00219727,0.767639
1495014833397821,-0.623596,-0.149292,0.00201416,0.767395
1495014833413685,-0.624207,-0.149353,0.00183105,0.766846
1495014833443738,-0.623962,-0.149231,0.00164795,0.767029
1495014833458769,-0.624451,-0.149536,0.00146484,0.766602
1495014833473814,-0.62561,-0.149475,0.000976563,0.765686
1495014833496869,-0.62677,-0.149536,0.000305176,0.764709
1495014833519110,-0.626892,-0.149841,-0.000183105,0.764587
1495014833533969,-0.626831,-0.149841,-0.000244141,0.764648
1495014833556207,-0.627502,-0.150024,-0.000671387,0.764038
1495014833579099,-0.627747,-0.14978,-0.00134277,0.763855
1495014833593126,-0.627991,-0.14978,-0.00177002,0.763672
1495014833616196,-0.628418,-0.14978,-0.00146484,0.763306
1495014833639258,-0.628296,-0.149841,-0.0012207,0.763367
1495014833653294,-0.628357,-0.149902,-0.00140381,0.763306
1495014833676349,-0.628357,-0.150024,-0.00183105,0.763306
1495014833699411,-0.628113,-0.150269,-0.00189209,0.763489
1495014833713446,-0.627747,-0.150269,-0.00177002,0.763794
1495014833736508,-0.627686,-0.150085,-0.00213623,0.763855
1495014833758664,-0.628662,-0.150269,-0.00244141,0.763
1495014833773606,-0.628479,-0.150574,-0.00244141,0.763123
1495014833796668,-0.627563,-0.150757,-0.00231934,0.763794
1495014833818732,-0.627136,-0.150513,-0.00231934,0.764221
1495014833832775,-0.627014,-0.150146,-0.00317383,0.764404
1495014833856826,-0.627563,-0.150391,-0.00335693,0.763855
1495014833878899,-0.626831,-0.150208,-0.00286865,0.764526
1495014833892923,-0.626282,-0.150085,-0.00268555,0.765015
1495014833916235,-0.625854,-0.149719,-0.00299072,0.765381
1495014833939053,-0.625977,-0.149902,-0.00286865,0.76532
1495014833960110,-0.625427,-0.149902,-0.0022583,0.765747
1495014833976154,-0.625183,-0.150024,-0.0022583,0.76593
1495014833999208,-0.625183,-0.149597,-0.00280762,0.765991
1495014834020383,-0.625977,-0.149658,-0.00280762,0.76532
1495014834036313,-0.624695,-0.149536,-0.00219727,0.766418
1495014834059367,-0.624634,-0.149597,-0.0022583,0.766479
1495014834080491,-0.624817,-0.149292,-0.00274658,0.766357
1495014834096476,-0.624451,-0.149292,-0.00238037,0.766663
1495014834119569,-0.623352,-0.149536,-0.00164795,0.767517
1495014834141594,-0.622986,-0.149597,-0.00109863,0.767761
1495014834156659,-0.62262,-0.149292,-0.00195313,0.768188
1495014834178683,-0.623413,-0.149109,-0.00201416,0.767517
1495014834199796,-0.623047,-0.149231,-0.0012207,0.767822
1495014834216784,-0.622742,-0.149536,-0.00109863,0.768005
1495014834238843,-0.622375,-0.149353,-0.00183105,0.768372
1495014834259907,-0.622437,-0.149719,-0.00213623,0.76825
1495014834276946,-0.622253,-0.150085,-0.00128174,0.768311
1495014834299007,-0.62146,-0.150085,-0.000549316,0.768921
1495014834320179,-0.622009,-0.149658,-0.000915527,0.768555
1495014834336100,-0.62262,-0.148804,-0.0020752,0.76825
1495014834359165,-0.624573,-0.149109,-0.00128174,0.766602
1495014834381222,-0.623047,-0.148804,-0.000549316,0.767883
1495014834396272,-0.623047,-0.14856,-0.00109863,0.767944
1495014834426345,-0.623718,-0.148376,-0.00177002,0.767456
1495014834441382,-0.624451,-0.149353,-0.000854492,0.766663
1495014834455504,-0.623352,-0.148926,0.000549316,0.767578
1495014834478701,-0.622742,-0.148499,0.000366211,0.768188
1495014834501548,-0.623718,-0.1474,-0.000610352,0.767578
1495014834515592,-0.625549,-0.147522,-0.000915527,0.766113
1495014834538651,-0.625244,-0.1474,6.10352e-005,0.766418
1495014834561703,-0.624329,-0.147644,0.000610352,0.76709
1495014834575748,-0.624634,-0.147461,0.000549316,0.766846
1495014834598803,-0.626648,-0.147156,0.000854492,0.765259
1495014834628888,-0.628235,-0.14679,0.00183105,0.764099
1495014834635909,-0.627991,-0.14624,0.00341797,0.764343
1495014834658969,-0.628052,-0.146362,0.00323486,0.764282
1495014834681138,-0.626587,-0.146606,0.00244141,0.765442
1495014834703081,-0.626892,-0.147156,0.00195313,0.765076
1495014834719121,-0.628113,-0.147766,0.00268555,0.763977
1495014834741190,-0.627869,-0.14801,0.00231934,0.764099
1495014834762405,-0.631348,-0.148499,0.00189209,0.761108
1495014834779281,-0.631348,-0.148865,0.00152588,0.761047
1495014834801357,-0.630676,-0.14917,0.000854492,0.761597
1495014834822395,-0.630981,-0.149597,0.00183105,0.76123
1495014834839442,-0.629395,-0.150024,0.00183105,0.762451
1495014834861504,-0.629395,-0.150085,0.000915527,0.762451
1495014834882616,-0.631348,-0.149963,0.00109863,0.760864
1495014834905617,-0.630615,-0.149902,0.00115967,0.761475
1495014834921673,-0.629395,-0.150391,0.000976563,0.76239
1495014834942716,-0.628235,-0.151123,0.000610352,0.763184
1495014834958767,-0.62915,-0.151428,0.000244141,0.76239
1495014834981821,-0.630188,-0.151306,-0.000366211,0.761536
1495014835002874,-0.630737,-0.151062,-0.000915527,0.761169
1495014835018924,-0.631104,-0.151062,-0.00146484,0.760864
1495014835040976,-0.63147,-0.151184,-0.00219727,0.760559
1495014835063035,-0.632935,-0.151306,-0.00219727,0.759277
1495014835079089,-0.633423,-0.151367,-0.00244141,0.75885
1495014835101150,-0.633301,-0.151306,-0.00317383,0.758972
1495014835122407,-0.63385,-0.151184,-0.00402832,0.758545
1495014835139240,-0.634216,-0.15155,-0.00512695,0.758118
1495014835161304,-0.634644,-0.151672,-0.00579834,0.757751
1495014835184359,-0.635315,-0.151855,-0.00616455,0.757141
1495014835199399,-0.635864,-0.151855,-0.00671387,0.756714
1495014835221468,-0.635864,-0.151733,-0.00799561,0.756653
1495014835243514,-0.637512,-0.1521,-0.00860596,0.755188
1495014835258557,-0.639343,-0.1521,-0.00872803,0.753662
1495014835281625,-0.638977,-0.151978,-0.00878906,0.754028
1495014835303685,-0.639038,-0.152222,-0.00872803,0.753906
1495014835318714,-0.639709,-0.152283,-0.0090332,0.753296
1495014835341777,-0.640808,-0.1521,-0.00982666,0.75238
1495014835363842,-0.640381,-0.151978,-0.0111084,0.752808
1495014835378877,-0.640869,-0.151794,-0.0117188,0.75238
1495014835401937,-0.641357,-0.151855,-0.012146,0.752014
1495014835424003,-0.641846,-0.151917,-0.0128174,0.751526
1495014835439042,-0.643005,-0.152039,-0.0129395,0.750488
1495014835462109,-0.642395,-0.151917,-0.0134888,0.751038
1495014835484159,-0.641724,-0.151733,-0.0134888,0.751648
1495014835498195,-0.641785,-0.151733,-0.0137329,0.751587
1495014835521261,-0.642578,-0.151794,-0.0140991,0.750916
1495014835544315,-0.642944,-0.15155,-0.0145264,0.75061
1495014835558353,-0.642273,-0.151184,-0.015686,0.751282
1495014835581415,-0.643677,-0.151062,-0.0161133,0.750061
1495014835603496,-0.643982,-0.151184,-0.0160522,0.749817
1495014835618518,-0.643677,-0.151367,-0.0161743,0.75
1495014835641610,-0.643982,-0.150879,-0.0161133,0.749817
1495014835663658,-0.644226,-0.150269,-0.0152588,0.749817
1495014835684729,-0.642883,-0.150146,-0.0152588,0.750977
1495014835701737,-0.642578,-0.149963,-0.015564,0.751282
1495014835723805,-0.643494,-0.150024,-0.0160522,0.750427
1495014835738888,-0.643982,-0.150146,-0.0162964,0.75
1495014835762896,-0.643799,-0.150024,-0.0164795,0.750183
1495014835783955,-0.643982,-0.150269,-0.0158691,0.749939
1495014835798027,-0.644104,-0.15033,-0.0150146,0.749878
1495014835821052,-0.643372,-0.150146,-0.0149536,0.750549
1495014835844113,-0.642822,-0.149841,-0.0150757,0.751099
1495014835865282,-0.642761,-0.149902,-0.0147705,0.751099
1495014835881229,-0.643311,-0.150085,-0.0145264,0.75061
1495014835904285,-0.643555,-0.150146,-0.0144043,0.750366
1495014835925330,-0.643555,-0.150208,-0.0144043,0.750366
1495014835941374,-0.643555,-0.150024,-0.0146484,0.750427
1495014835964436,-0.643799,-0.149963,-0.0145874,0.750183
1495014835985562,-0.644165,-0.149902,-0.0145264,0.749878
1495014836008563,-0.644165,-0.149902,-0.0145264,0.749939
1495014836023748,-0.644104,-0.149902,-0.0145264,0.749939
1495014836045659,-0.644104,-0.149902,-0.0145264,0.75
1495014836061695,-0.644348,-0.149841,-0.0149536,0.749756
1495014836083751,-0.644958,-0.150085,-0.0147095,0.749207
1495014836105063,-0.644958,-0.149963,-0.0142822,0.749207
1495014836121852,-0.644653,-0.149719,-0.0142212,0.749512
1495014836143911,-0.64447,-0.149414,-0.0140991,0.749756
1495014836164970,-0.64447,-0.149231,-0.0140381,0.749817
1495014836182015,-0.644836,-0.148987,-0.013855,0.749573
1495014836204092,-0.644775,-0.148987,-0.013855,0.749573
1495014836225137,-0.644409,-0.149231,-0.0145264,0.749878
1495014836241265,-0.64502,-0.148804,-0.0146484,0.74939
1495014836264233,-0.646423,-0.149048,-0.0147705,0.748108
1495014836269500,-0.646973,-0.148987,-0.0151978,0.747681
1495014836292306,-0.647522,-0.148865,-0.015564,0.747192
1495014836307399,-0.647522,-0.148804,-0.015564,0.747192
1495014836329572,-0.647522,-0.148804,-0.015564,0.747192
1495014836351466,-0.647644,-0.14856,-0.0154419,0.747192
1495014836366683,-0.647522,-0.148254,-0.015625,0.747314
1495014836389569,-0.647339,-0.147888,-0.0163574,0.747559
1495014836411798,-0.648071,-0.147705,-0.0167847,0.746948
1495014836426662,-0.649048,-0.147766,-0.0166016,0.746033
1495014836449724,-0.649292,-0.147888,-0.0161743,0.74585
1495014836471977,-0.648132,-0.14801,-0.0159302,0.746826
1495014836487826,-0.647644,-0.148193,-0.0161743,0.747192
1495014836508891,-0.648193,-0.147949,-0.0164795,0.746765
1495014836531946,-0.649231,-0.147644,-0.0165405,0.745972
1495014836547164,-0.649292,-0.147278,-0.0169678,0.745911
1495014836570053,-0.649414,-0.146973,-0.0167236,0.745972
1495014836592116,-0.648804,-0.147095,-0.0163574,0.746399
1495014836607389,-0.648376,-0.147339,-0.0159302,0.746765
1495014836629401,-0.64801,-0.147278,-0.015625,0.747131
1495014836652263,-0.6474,-0.147095,-0.0159912,0.747681
1495014836667512,-0.647766,-0.147217,-0.0161743,0.747314
1495014836689602,-0.648499,-0.147278,-0.0164795,0.746643
1495014836712434,-0.649292,-0.1474,-0.0167847,0.745911
1495014836727464,-0.649841,-0.147217,-0.0170898,0.745483
1495014836749718,-0.649536,-0.147217,-0.0172119,0.745789
1495014836771795,-0.648804,-0.146973,-0.017395,0.746399
1495014836787630,-0.648865,-0.14679,-0.017395,0.746399
1495014836809681,-0.649475,-0.146667,-0.0174561,0.745911
1495014836831790,-0.649414,-0.146606,-0.0172729,0.745972
1495014836846947,-0.649231,-0.146729,-0.0168457,0.746094
1495014836869842,-0.648804,-0.14679,-0.0166626,0.746521
1495014836891910,-0.648804,-0.14679,-0.0166626,0.746521
1495014836908001,-0.648254,-0.146729,-0.0166016,0.747009
1495014836929201,-0.648315,-0.14679,-0.0168457,0.746887
1495014836947050,-0.649109,-0.146729,-0.0166016,0.746216
1495014836968118,-0.649109,-0.146729,-0.0166016,0.746216
1495014836989347,-0.649536,-0.14679,-0.0158081,0.74585
1495014837007211,-0.647949,-0.14679,-0.0159302,0.747253
1495014837028265,-0.64801,-0.146729,-0.0159302,0.747192
1495014837057478,-0.647827,-0.146484,-0.0159302,0.747437
1495014837067370,-0.648499,-0.146667,-0.0153809,0.746765
1495014837088434,-0.648071,-0.146545,-0.0150757,0.747192
1495014837109484,-0.647461,-0.146545,-0.0153198,0.747742
1495014837127528,-0.64801,-0.146423,-0.0154419,0.747253
1495014837148598,-0.648682,-0.146301,-0.0153809,0.746704
1495014837169825,-0.648865,-0.146362,-0.0155029,0.746521
1495014837187687,-0.648071,-0.146484,-0.0161743,0.747192
1495014837209746,-0.648743,-0.146484,-0.0158081,0.746643
1495014837229879,-0.648193,-0.146484,-0.0153198,0.747131
1495014837246846,-0.647461,-0.146423,-0.015564,0.747742
1495014837269908,-0.647705,-0.145996,-0.0158081,0.74762
1495014837289960,-0.648743,-0.146179,-0.015625,0.746643
1495014837307007,-0.648499,-0.146423,-0.015564,0.746887
1495014837330068,-0.647644,-0.146606,-0.0159912,0.747559
1495014837349383,-0.647644,-0.146484,-0.0161133,0.747559
1495014837367166,-0.64801,-0.146545,-0.0164185,0.747192
1495014837390227,-0.646667,-0.146545,-0.0166626,0.748352
1495014837409318,-0.647156,-0.147095,-0.015686,0.747864
1495014837427327,-0.646301,-0.147156,-0.0153809,0.748596
1495014837449386,-0.645813,-0.147217,-0.0159302,0.748962
1495014837469437,-0.647034,-0.1474,-0.0160522,0.747925
1495014837487486,-0.646851,-0.147888,-0.0158691,0.747986
1495014837509543,-0.646118,-0.148499,-0.0153809,0.748535
1495014837529761,-0.645508,-0.148682,-0.0153809,0.748962
1495014837548650,-0.645874,-0.148621,-0.015625,0.748657
1495014837569714,-0.645386,-0.148926,-0.015686,0.749023
1495014837589944,-0.644897,-0.149292,-0.0148926,0.749451
1495014837607806,-0.64325,-0.149475,-0.0144653,0.750793
1495014837629865,-0.642822,-0.149719,-0.0147095,0.751099
1495014837649928,-0.642822,-0.149658,-0.0151367,0.751099
1495014837666963,-0.642395,-0.149719,-0.0145874,0.751465
1495014837690026,-0.641052,-0.149841,-0.0139771,0.752625
1495014837709076,-0.640686,-0.150269,-0.013916,0.752869
1495014837727140,-0.640808,-0.149963,-0.0142212,0.752808
1495014837750186,-0.641602,-0.150024,-0.0139771,0.752075
1495014837769412,-0.640808,-0.149414,-0.0133667,0.75293
1495014837787287,-0.640381,-0.149475,-0.0128784,0.753296
1495014837809341,-0.640625,-0.149475,-0.0125732,0.753052
1495014837830525,-0.640808,-0.14978,-0.012085,0.752869
1495014837846691,-0.640198,-0.149658,-0.0115967,0.753418
1495014837868756,-0.640198,-0.149231,-0.0111694,0.753479
1495014837890816,-0.639832,-0.148743,-0.0115967,0.753906
1495014837906851,-0.639648,-0.148987,-0.0112915,0.754028
1495014837928911,-0.638733,-0.149048,-0.0107422,0.754822
1495014837950136,-0.638855,-0.149231,-0.010437,0.7547
1495014837967015,-0.638611,-0.148926,-0.0107422,0.754883
1495014837989111,-0.639099,-0.14917,-0.0108032,0.754456
1495014838010125,-0.638611,-0.149048,-0.0101929,0.754883
1495014838027170,-0.638062,-0.148804,-0.00970459,0.755371
1495014838049229,-0.638,-0.148682,-0.00994873,0.755493
1495014838070499,-0.638672,-0.14856,-0.0098877,0.754944
1495014838086610,-0.638367,-0.14856,-0.00964355,0.755249
1495014838108667,-0.638184,-0.148621,-0.00939941,0.755371
1495014838130724,-0.638,-0.148376,-0.00976563,0.755554
1495014838146768,-0.637878,-0.149048,-0.0100098,0.755493
1495014838168826,-0.637634,-0.149048,-0.00933838,0.755737
1495014838191888,-0.637512,-0.148682,-0.00897217,0.75592
1495014838206927,-0.638123,-0.148376,-0.00915527,0.755493
1495014838237009,-0.638306,-0.14801,-0.0100098,0.755371
1495014838251044,-0.638672,-0.148376,-0.00952148,0.755005
1495014838266229,-0.637695,-0.148071,-0.00891113,0.755859
1495014838289156,-0.638306,-0.147949,-0.0088501,0.755371
1495014838311234,-0.638,-0.147705,-0.0100098,0.755676
1495014838326244,-0.638306,-0.148132,-0.010376,0.755371
1495014838349305,-0.638245,-0.148438,-0.00964355,0.75531
1495014838371374,-0.638123,-0.148621,-0.00921631,0.755371
1495014838385587,-0.638062,-0.148254,-0.00958252,0.755493
1495014838409465,-0.638611,-0.148254,-0.0100708,0.755066
1495014838431531,-0.638489,-0.147949,-0.00970459,0.755188
1495014838445572,-0.638306,-0.147827,-0.00952148,0.755432
1495014838468621,-0.638367,-0.147461,-0.00952148,0.755432
1495014838491687,-0.637573,-0.147156,-0.00964355,0.756165
1495014838513743,-0.638611,-0.147278,-0.0088501,0.755249
1495014838528783,-0.638794,-0.147278,-0.00793457,0.755127
1495014838551845,-0.638672,-0.147644,-0.00756836,0.755188
1495014838565889,-0.63855,-0.147278,-0.00714111,0.75531
1495014838588951,-0.638611,-0.147156,-0.00720215,0.75531
1495014838611186,-0.638672,-0.147095,-0.00720215,0.755249
1495014838626041,-0.638611,-0.147156,-0.00695801,0.75531
1495014838649108,-0.638245,-0.1474,-0.00732422,0.755554
1495014838671196,-0.638184,-0.147217,-0.00805664,0.755676
1495014838693228,-0.638916,-0.147278,-0.00842285,0.755005
1495014838709263,-0.638916,-0.147217,-0.00811768,0.755005
1495014838731330,-0.638916,-0.147278,-0.00817871,0.755005
1495014838752620,-0.63916,-0.147339,-0.00787354,0.754761
1495014838769423,-0.639465,-0.147583,-0.00787354,0.754456
1495014838799546,-0.639343,-0.147095,-0.00744629,0.7547
1495014838812744,-0.638367,-0.146912,-0.00799561,0.755493
1495014838828640,-0.639038,-0.146484,-0.00787354,0.755066
1495014838851651,-0.638977,-0.146301,-0.00762939,0.755127
1495014838872891,-0.637939,-0.14624,-0.0078125,0.756042
1495014838888741,-0.637207,-0.146423,-0.00738525,0.756653
1495014838911802,-0.636475,-0.146484,-0.00714111,0.757202
1495014838933074,-0.636353,-0.146423,-0.00750732,0.757324
1495014838948903,-0.637024,-0.146362,-0.0078125,0.756775
1495014838971962,-0.637146,-0.146423,-0.00799561,0.756653
1495014838993017,-0.63623,-0.146545,-0.00848389,0.757446
1495014839009068,-0.636292,-0.14679,-0.00830078,0.757324
1495014839031120,-0.636475,-0.146667,-0.00823975,0.757141
1495014839055190,-0.636902,-0.146362,-0.00848389,0.756897
1495014839069237,-0.637268,-0.145935,-0.0088501,0.756653
1495014839091280,-0.637146,-0.145935,-0.00921631,0.756714
1495014839114343,-0.637024,-0.14624,-0.00915527,0.756775
1495014839129380,-0.637451,-0.146484,-0.00897217,0.756409
1495014839151445,-0.637695,-0.146606,-0.0090332,0.756165
1495014839174503,-0.637695,-0.146606,-0.00939941,0.756165
1495014839188680,-0.637695,-0.146484,-0.00964355,0.756165
1495014839211612,-0.637939,-0.146484,-0.00970459,0.75592
1495014839233740,-0.638306,-0.146484,-0.00982666,0.755615
1495014839248698,-0.63855,-0.146362,-0.0101929,0.755432
1495014839271772,-0.638123,-0.14624,-0.010498,0.755798
1495014839293818,-0.638123,-0.146301,-0.0105591,0.755859
1495014839307858,-0.638245,-0.14624,-0.010376,0.755737
1495014839331925,-0.638428,-0.146118,-0.0103149,0.755615
1495014839353990,-0.638428,-0.146118,-0.0103149,0.755615
1495014839368078,-0.638367,-0.146118,-0.0103149,0.755676
1495014839391078,-0.638611,-0.146057,-0.010376,0.755493
1495014839421218,-0.63855,-0.146057,-0.010376,0.755493
1495014839428182,-0.638611,-0.146057,-0.0106812,0.755432
1495014839451286,-0.638489,-0.146057,-0.0109863,0.755554
1495014839474299,-0.638245,-0.145996,-0.0114746,0.755798
1495014839488342,-0.638916,-0.145935,-0.0120239,0.755249
1495014839511404,-0.639343,-0.146118,-0.012207,0.754822
1495014839534460,-0.639282,-0.146179,-0.012207,0.754822
1495014839548511,-0.639465,-0.146118,-0.0127563,0.7547
1495014839571600,-0.640625,-0.14624,-0.0134277,0.753662
1495014839594621,-0.641479,-0.146545,-0.0133667,0.75293
1495014839614675,-0.64093,-0.146606,-0.0137939,0.753357
1495014839631721,-0.640564,-0.146851,-0.0142212,0.753601
1495014839653776,-0.640381,-0.1474,-0.0150757,0.753601
1495014839674840,-0.640625,-0.14801,-0.0153809,0.753296
1495014839691877,-0.641052,-0.148438,-0.0150757,0.752869
1495014839713939,-0.640991,-0.148193,-0.0144043,0.75293
1495014839735003,-0.640442,-0.148132,-0.0143433,0.753479
1495014839751253,-0.639526,-0.148315,-0.0148926,0.754211
1495014839776102,-0.639648,-0.148315,-0.0140991,0.754089
1495014839795385,-0.638855,-0.148376,-0.0132446,0.754761
1495014839811206,-0.638367,-0.148254,-0.0123901,0.755249
1495014839834266,-0.637451,-0.148254,-0.0125732,0.755981
1495014839855555,-0.637756,-0.147888,-0.0124512,0.755798
1495014839871361,-0.638245,-0.147583,-0.012146,0.755493
1495014839901441,-0.638062,-0.1474,-0.0117798,0.755615
1495014839915626,-0.636963,-0.147461,-0.0117798,0.756592
1495014839931524,-0.63739,-0.147644,-0.0116577,0.756165
1495014839954578,-0.637573,-0.147278,-0.0109863,0.756104
1495014839974636,-0.636902,-0.147095,-0.0106812,0.756714
1495014839991674,-0.635864,-0.14679,-0.0107422,0.757629
1495014840013734,-0.636963,-0.147278,-0.0109253,0.756592
1495014840034789,-0.637512,-0.147217,-0.010498,0.756165
1495014840058852,-0.637451,-0.147156,-0.0101318,0.756226
1495014840073893,-0.636902,-0.147095,-0.0101318,0.756714
1495014840095952,-0.637085,-0.147095,-0.010376,0.756592
1495014840110992,-0.637817,-0.147278,-0.0101318,0.75592
1495014840134052,-0.637695,-0.147217,-0.00952148,0.756042
1495014840156113,-0.636658,-0.146973,-0.00933838,0.756958
1495014840179174,-0.636536,-0.147095,-0.00964355,0.75708
1495014840194213,-0.636963,-0.147461,-0.00921631,0.756592
1495014840216274,-0.637024,-0.147339,-0.00860596,0.756592
1495014840230308,-0.637146,-0.147522,-0.00860596,0.756409
1495014840254374,-0.63678,-0.147156,-0.00927734,0.756836
1495014840276432,-0.637146,-0.147217,-0.00933838,0.75647
1495014840290468,-0.636963,-0.147034,-0.0090332,0.756714
1495014840314532,-0.637329,-0.147156,-0.00897217,0.756348
1495014840342606,-0.637024,-0.146851,-0.00964355,0.756653
1495014840350631,-0.638,-0.147278,-0.0098877,0.755798
1495014840373695,-0.638306,-0.146851,-0.00933838,0.755615
1495014840396752,-0.638184,-0.147095,-0.00927734,0.755676
1495014840410789,-0.637939,-0.146729,-0.00958252,0.75592
1495014840433860,-0.638306,-0.146851,-0.00982666,0.755554
1495014840456912,-0.639038,-0.146667,-0.00897217,0.755005
1495014840470948,-0.638916,-0.146545,-0.00842285,0.755127
1495014840494009,-0.638367,-0.146484,-0.00854492,0.755615
1495014840516075,-0.638,-0.146301,-0.00878906,0.755981
1495014840531363,-0.638916,-0.146179,-0.00897217,0.755188
1495014840554590,-0.638977,-0.146118,-0.00915527,0.755188
1495014840576457,-0.638916,-0.146118,-0.00921631,0.755188
1495014840597690,-0.639465,-0.14624,-0.00866699,0.754761
1495014840614670,-0.639648,-0.146118,-0.00769043,0.754639
1495014840636442,-0.639343,-0.146118,-0.00714111,0.754883
1495014840657445,-0.639709,-0.145874,-0.00695801,0.754639
1495014840673636,-0.638855,-0.145569,-0.00738525,0.755371
1495014840696548,-0.638916,-0.145874,-0.00695801,0.755249
1495014840717872,-0.638794,-0.145752,-0.00592041,0.755432
1495014840734653,-0.638062,-0.145935,-0.00579834,0.755981
1495014840756710,-0.638245,-0.145996,-0.00579834,0.755859
1495014840777978,-0.637695,-0.145752,-0.00592041,0.756348
1495014840793809,-0.637573,-0.145691,-0.00592041,0.75647
1495014840816869,-0.637939,-0.145752,-0.00683594,0.756104
1495014840838133,-0.638916,-0.145752,-0.00762939,0.75531
1495014840853975,-0.639404,-0.145691,-0.00842285,0.754944
1495014840876223,-0.64032,-0.145752,-0.00860596,0.754089
1495014840898093,-0.640198,-0.145935,-0.00830078,0.75415
1495014840914140,-0.640198,-0.145996,-0.00830078,0.75415
1495014840936188,-0.640198,-0.145935,-0.00830078,0.75415
1495014840957255,-0.640381,-0.145935,-0.00848389,0.754028
1495014840974292,-0.64093,-0.145874,-0.00836182,0.75354
1495014840996348,-0.639893,-0.145752,-0.00823975,0.754456
1495014841019410,-0.639404,-0.145447,-0.00817871,0.754944
1495014841034450,-0.639709,-0.145203,-0.00811768,0.754761
1495014841056508,-0.640198,-0.144714,-0.00787354,0.754395
1495014841078738,-0.639771,-0.144592,-0.00805664,0.754822
1495014841094611,-0.639099,-0.144714,-0.00817871,0.755371
1495014841117672,-0.638611,-0.14502,-0.00811768,0.755676
1495014841138770,-0.63855,-0.14502,-0.00811768,0.755737
1495014841144956,-0.63855,-0.144775,-0.00817871,0.755798
1495014841160791,-0.639038,-0.144531,-0.00836182,0.755432
1495014841182017,-0.638916,-0.144531,-0.00872803,0.755493
1495014841205007,-0.638489,-0.144531,-0.00897217,0.755859
1495014841220954,-0.638489,-0.144531,-0.00897217,0.75592
1495014841242009,-0.638428,-0.144531,-0.00897217,0.75592
1495014841265063,-0.638123,-0.144348,-0.00915527,0.756226
1495014841287375,-0.638123,-0.144348,-0.00915527,0.756226
1495014841302388,-0.638184,-0.144287,-0.00915527,0.756226
1495014841324221,-0.638306,-0.144226,-0.00927734,0.756104
1495014841339448,-0.63855,-0.144043,-0.0090332,0.75592
1495014841362418,-0.638245,-0.14386,-0.00909424,0.756226
1495014841384589,-0.637817,-0.143677,-0.00909424,0.756592
1495014841401436,-0.637756,-0.143677,-0.00909424,0.756653
1495014841422482,-0.638306,-0.14386,-0.0088501,0.756165
1495014841444749,-0.638245,-0.143799,-0.0088501,0.756226
1495014841459785,-0.638245,-0.143799,-0.0088501,0.756226
1495014841481884,-0.638428,-0.143799,-0.00897217,0.756104
1495014841504860,-0.638794,-0.143982,-0.00909424,0.755737
1495014841519862,-0.638794,-0.143982,-0.00909424,0.755737
1495014841541828,-0.638855,-0.143799,-0.00921631,0.755737
1495014841565874,-0.638855,-0.143494,-0.00946045,0.755798
1495014841579914,-0.639221,-0.143555,-0.0100708,0.755432
1495014841602168,-0.639404,-0.143433,-0.0100708,0.75531
1495014841624019,-0.639404,-0.143188,-0.0101929,0.755371
1495014841641065,-0.640015,-0.143188,-0.0108643,0.754822
1495014841662289,-0.640442,-0.143066,-0.0114136,0.754456
1495014841684410,-0.64093,-0.14325,-0.0123291,0.754028
1495014841701222,-0.641113,-0.143555,-0.0126343,0.753845
1495014841722475,-0.641296,-0.143555,-0.0123901,0.753662
1495014841744593,-0.641174,-0.143433,-0.0126953,0.753784
1495014841761384,-0.641052,-0.143677,-0.0133667,0.753784
1495014841782449,-0.641296,-0.143982,-0.0135498,0.75354
1495014841804746,-0.641663,-0.144165,-0.0133667,0.753174
1495014841823550,-0.641296,-0.144043,-0.0131226,0.75354
1495014841844607,-0.640686,-0.144043,-0.0131226,0.754089
1495014841864672,-0.640686,-0.144348,-0.0130615,0.753967
1495014841880753,-0.640686,-0.144348,-0.0125122,0.754028
1495014841901954,-0.640015,-0.14447,-0.0120239,0.754578
1495014841924816,-0.639709,-0.144287,-0.0117798,0.754822
1495014841940863,-0.639099,-0.144226,-0.0125732,0.755371
1495014841962064,-0.639893,-0.144653,-0.0124512,0.754578
1495014841984979,-0.639771,-0.144714,-0.012085,0.7547
1495014842002025,-0.639343,-0.144653,-0.012085,0.755127
1495014842022293,-0.638916,-0.144226,-0.012146,0.755554
1495014842044333,-0.638916,-0.144104,-0.012146,0.755554
1495014842062186,-0.638794,-0.144348,-0.0112915,0.755615
1495014842082478,-0.637939,-0.144226,-0.0106812,0.756348
1495014842099284,-0.637573,-0.143982,-0.0107422,0.756714
1495014842122345,-0.637146,-0.143921,-0.0115356,0.75708
1495014842142505,-0.637634,-0.144104,-0.0112305,0.756653
1495014842159442,-0.637085,-0.144104,-0.0108032,0.757141
1495014842182505,-0.63678,-0.143982,-0.0105591,0.757446
1495014842201802,-0.636658,-0.143799,-0.0110474,0.757507
1495014842219605,-0.636963,-0.14386,-0.0110474,0.757263
1495014842242663,-0.636169,-0.143921,-0.0106812,0.757935
1495014842261867,-0.635498,-0.143921,-0.010437,0.758484
1495014842279765,-0.635986,-0.143616,-0.0107422,0.758118
1495014842301820,-0.636108,-0.143555,-0.0111084,0.758057
1495014842322123,-0.63623,-0.143738,-0.010498,0.757935
1495014842339925,-0.635559,-0.143982,-0.010376,0.758423
1495014842361983,-0.635803,-0.143677,-0.0108032,0.75824
1495014842382193,-0.636414,-0.143372,-0.0112305,0.757813
1495014842400084,-0.636841,-0.14325,-0.0106812,0.757507
1495014842422144,-0.63623,-0.143188,-0.0100708,0.758057
1495014842442427,-0.636292,-0.143005,-0.0102539,0.758057
1495014842459247,-0.636841,-0.142761,-0.0106812,0.757629
1495014842482301,-0.637573,-0.142639,-0.010498,0.757019
1495014842502422,-0.637573,-0.142273,-0.00994873,0.75708
1495014842519400,-0.637146,-0.142029,-0.00976563,0.757507
1495014842542462,-0.636414,-0.141968,-0.0102539,0.758118
1495014842564528,-0.637695,-0.142151,-0.0101929,0.757019
1495014842579561,-0.638245,-0.141968,-0.00994873,0.756531
1495014842602631,-0.637817,-0.141907,-0.00994873,0.756958
1495014842623678,-0.636841,-0.141846,-0.0101929,0.757813
1495014842639723,-0.637329,-0.142029,-0.010376,0.757324
1495014842662781,-0.637756,-0.141724,-0.0100708,0.757019
1495014842683838,-0.637451,-0.141663,-0.0098877,0.757324
1495014842699881,-0.636353,-0.141724,-0.0098877,0.758179
1495014842721939,-0.636597,-0.141907,-0.00970459,0.757996
1495014842742232,-0.637146,-0.141846,-0.00958252,0.757507
1495014842759049,-0.637817,-0.141602,-0.00927734,0.756958
1495014842781322,-0.638,-0.141663,-0.00933838,0.756836
1495014842803166,-0.637756,-0.141541,-0.00909424,0.75708
1495014842819209,-0.638245,-0.141785,-0.00946045,0.756592
1495014842841259,-0.638184,-0.141479,-0.0098877,0.756714
1495014842862315,-0.637695,-0.141418,-0.0106812,0.75708
1495014842879358,-0.638306,-0.141357,-0.0115356,0.756592
1495014842901423,-0.63739,-0.141113,-0.0115967,0.757385
1495014842924476,-0.638184,-0.141541,-0.0117798,0.756653
1495014842939519,-0.639038,-0.141174,-0.0123291,0.755981
1495014842961587,-0.639526,-0.141296,-0.0124512,0.755554
1495014842983673,-0.639038,-0.141418,-0.0126953,0.755981
1495014842998678,-0.639099,-0.142212,-0.0115356,0.755798
1495014843028755,-0.637695,-0.142273,-0.0106812,0.756958
1495014843043810,-0.63623,-0.141724,-0.0112915,0.758301
1495014843058835,-0.63739,-0.140991,-0.0119629,0.757446
1495014843081897,-0.638245,-0.140442,-0.012207,0.756775
1495014843103962,-0.638367,-0.140564,-0.012207,0.756714
1495014843118145,-0.637512,-0.141113,-0.0124512,0.757324
1495014843141053,-0.637573,-0.141357,-0.0125122,0.757202
1495014843164138,-0.637695,-0.141052,-0.0130005,0.757141
1495014843178151,-0.637146,-0.140564,-0.0140381,0.75769
1495014843201231,-0.637512,-0.140381,-0.0150146,0.757385
1495014843224274,-0.638306,-0.140259,-0.0153809,0.756775
1495014843238313,-0.638245,-0.140198,-0.015625,0.756775
1495014843261380,-0.637878,-0.14032,-0.0164795,0.75708
1495014843284434,-0.638672,-0.140564,-0.0166626,0.756348
1495014843305535,-0.638916,-0.140808,-0.0169067,0.756104
1495014843321540,-0.639648,-0.14093,-0.017395,0.755432
1495014843343591,-0.641052,-0.141052,-0.0175171,0.754272
1495014843358641,-0.641724,-0.141113,-0.0174561,0.753662
1495014843381736,-0.641357,-0.141357,-0.017334,0.753906
1495014843403792,-0.641235,-0.141724,-0.0170898,0.753967
1495014843425003,-0.641174,-0.141785,-0.0171509,0.753967
1495014843441854,-0.641174,-0.141785,-0.0171509,0.753967
1495014843463912,-0.641113,-0.141479,-0.0174561,0.754089
1495014843485197,-0.641785,-0.141479,-0.0178223,0.753479
1495014843509041,-0.642639,-0.141785,-0.0181885,0.752686
1495014843524081,-0.643311,-0.141968,-0.0185547,0.752136
1495014843545272,-0.644165,-0.142151,-0.0188599,0.751343
1495014843561217,-0.644409,-0.142029,-0.0186157,0.75116
1495014843584231,-0.644531,-0.142212,-0.0184326,0.750977
1495014843605540,-0.645142,-0.14209,-0.0187378,0.750488
1495014843621348,-0.645508,-0.141968,-0.019043,0.750183
1495014843644394,-0.645752,-0.141785,-0.019104,0.75
1495014843665518,-0.645935,-0.141724,-0.0193481,0.749878
1495014843681494,-0.645935,-0.141663,-0.0194702,0.749878
1495014843704554,-0.646851,-0.141907,-0.0189819,0.749084
1495014843725626,-0.646851,-0.141907,-0.0189819,0.749084
1495014843741662,-0.646729,-0.141724,-0.0195923,0.749146
1495014843763710,-0.647095,-0.141663,-0.0200195,0.748901
1495014843785049,-0.647827,-0.141418,-0.0200806,0.74823
1495014843801827,-0.648132,-0.141235,-0.0197754,0.748108
1495014843823870,-0.647827,-0.141418,-0.0196533,0.748291
1495014843845107,-0.647278,-0.141357,-0.0197754,0.748779
1495014843861972,-0.647156,-0.141357,-0.0201416,0.74884
1495014843884037,-0.647827,-0.141052,-0.0204468,0.748352
1495014843906090,-0.647827,-0.140503,-0.0200195,0.748474
1495014843921283,-0.647888,-0.140015,-0.019043,0.748535
1495014843944201,-0.645935,-0.14032,-0.0184326,0.750122
1495014843966251,-0.644836,-0.140503,-0.0184937,0.751038
1495014843981299,-0.645447,-0.140442,-0.0195923,0.750488
1495014844004367,-0.646301,-0.140198,-0.0203857,0.749817
1495014844026415,-0.646851,-0.140198,-0.0204468,0.749329
1495014844040445,-0.647156,-0.140503,-0.0199585,0.749023
1495014844064512,-0.646912,-0.140869,-0.0195313,0.749207
1495014844086580,-0.646301,-0.140869,-0.019043,0.749756
1495014844100617,-0.64563,-0.140564,-0.0185547,0.750366
1495014844123667,-0.645081,-0.140198,-0.0182495,0.750916
1495014844146738,-0.644958,-0.140198,-0.0182495,0.751038
1495014844160767,-0.645325,-0.140503,-0.0183105,0.750671
1495014844183888,-0.646057,-0.140747,-0.0183105,0.749939
1495014844206890,-0.646667,-0.140808,-0.0184326,0.749451
1495014844220944,-0.646667,-0.14093,-0.0186768,0.749451
1495014844243996,-0.646667,-0.14093,-0.0186768,0.749451
1495014844267057,-0.64679,-0.140686,-0.0186768,0.749329
1495014844281096,-0.64679,-0.140625,-0.0186157,0.74939
1495014844304154,-0.646362,-0.140625,-0.0188599,0.749695
1495014844326291,-0.646362,-0.140625,-0.0188599,0.749756
1495014844347448,-0.646484,-0.140686,-0.0187988,0.749573
1495014844364319,-0.647034,-0.140625,-0.0188599,0.749146
1495014844386368,-0.647583,-0.140503,-0.0193481,0.748718
1495014844407428,-0.647644,-0.140137,-0.0197144,0.748657
1495014844424467,-0.646973,-0.140137,-0.0201416,0.749207
1495014844446535,-0.647644,-0.140137,-0.0198364,0.748718
1495014844467775,-0.648071,-0.139893,-0.0197754,0.748352
1495014844483624,-0.647827,-0.139648,-0.0202026,0.748596
1495014844506695,-0.647949,-0.139404,-0.0203247,0.748535
1495014844527904,-0.648071,-0.139282,-0.0203247,0.748474
1495014844543785,-0.648376,-0.139404,-0.0206299,0.748169
1495014844566847,-0.64856,-0.13916,-0.0206299,0.748047
1495014844587921,-0.648438,-0.139099,-0.0205688,0.748169
1495014844603949,-0.648438,-0.138916,-0.0202026,0.748169
1495014844627008,-0.648438,-0.138916,-0.0202026,0.74823
1495014844648062,-0.648438,-0.138916,-0.0202026,0.74823
1495014844664109,-0.648438,-0.138855,-0.0202026,0.74823
1495014844686238,-0.648315,-0.138855,-0.0202026,0.748291
1495014844708223,-0.648926,-0.138855,-0.0205688,0.747803
1495014844724266,-0.649597,-0.138855,-0.020813,0.747192
1495014844746325,-0.649597,-0.138794,-0.0211792,0.747192
1495014844767437,-0.649475,-0.138611,-0.0213623,0.747314
1495014844784424,-0.649597,-0.138489,-0.0212402,0.747253
1495014844806486,-0.650146,-0.138672,-0.0215454,0.746704
1495014844829548,-0.649414,-0.138367,-0.0217896,0.747437
1495014844843745,-0.649292,-0.138367,-0.0219727,0.747559
1495014844866646,-0.649719,-0.138489,-0.0219116,0.747192
1495014844897727,-0.650024,-0.138367,-0.0217896,0.746887
1495014844903750,-0.650146,-0.138428,-0.0214844,0.746765
1495014844926816,-0.649536,-0.138306,-0.0214233,0.747314
1495014844948879,-0.649475,-0.138306,-0.0214233,0.747375
1495014844971925,-0.649414,-0.138123,-0.0211792,0.747498
1495014844986965,-0.648987,-0.138123,-0.0212402,0.747864
1495014845009032,-0.648865,-0.138184,-0.0213013,0.747986
1495014845023062,-0.649231,-0.138306,-0.0209351,0.74762
1495014845046121,-0.649109,-0.138306,-0.0205688,0.747742
1495014845069189,-0.648865,-0.138123,-0.0205078,0.747986
1495014845083221,-0.649231,-0.137878,-0.020752,0.747681
1495014845106284,-0.649414,-0.137634,-0.0213623,0.74762
1495014845129348,-0.649292,-0.137329,-0.0217896,0.747742
1495014845143393,-0.649231,-0.137329,-0.0217285,0.747742
1495014845174477,-0.648804,-0.137756,-0.0213623,0.748047
1495014845188627,-0.64856,-0.137878,-0.0211182,0.74823
1495014845203585,-0.648438,-0.13739,-0.0214844,0.748474
1495014845226611,-0.649048,-0.136963,-0.0219116,0.747986
1495014845248827,-0.649231,-0.13678,-0.0220947,0.747864
1495014845263704,-0.647888,-0.136902,-0.0223999,0.748962
1495014845286769,-0.647888,-0.137207,-0.0221558,0.748962
1495014845308830,-0.648132,-0.137207,-0.0220947,0.748779
1495014845329880,-0.648376,-0.137024,-0.022522,0.748535
1495014845346922,-0.647827,-0.137024,-0.0232544,0.749023
1495014845368982,-0.647217,-0.13739,-0.0227051,0.749451
1495014845390041,-0.647278,-0.137695,-0.0224609,0.749329
1495014845406080,-0.647522,-0.137634,-0.0227661,0.749146
1495014845429145,-0.64856,-0.137634,-0.0244141,0.74823
1495014845451291,-0.648621,-0.137939,-0.0244141,0.748108
1495014845466358,-0.648315,-0.138855,-0.0230713,0.74823
1495014845489303,-0.64624,-0.138977,-0.0227051,0.75
1495014845510510,-0.647339,-0.138916,-0.0229492,0.749084
1495014845527404,-0.648193,-0.138428,-0.0236206,0.748413
1495014845548538,-0.647522,-0.138733,-0.0236816,0.748962
1495014845570687,-0.647644,-0.139099,-0.0231934,0.748779
1495014845586566,-0.647705,-0.139465,-0.0230713,0.748657
1495014845608722,-0.648071,-0.139282,-0.0231934,0.748352
1495014845632681,-0.6474,-0.13916,-0.0234375,0.748962
1495014845646720,-0.646851,-0.13916,-0.0227051,0.749451
1495014845668779,-0.64624,-0.139221,-0.0218506,0.75
1495014845689834,-0.646179,-0.139343,-0.0216064,0.750061
1495014845706880,-0.645996,-0.138916,-0.0218506,0.750244
1495014845729947,-0.646179,-0.138977,-0.0213623,0.750122
1495014845750201,-0.645142,-0.138916,-0.0205688,0.751038
1495014845766065,-0.64447,-0.139526,-0.0204468,0.751526
1495014845789102,-0.644836,-0.139343,-0.0201416,0.751282
1495014845811277,-0.644714,-0.138977,-0.0202637,0.751404
1495014845826282,-0.644226,-0.139221,-0.0205078,0.75177
1495014845849309,-0.644165,-0.139282,-0.0198975,0.751831
1495014845871374,-0.644409,-0.139404,-0.0199585,0.751648
1495014845886407,-0.644897,-0.139099,-0.0204468,0.751221
1495014845909471,-0.644958,-0.13916,-0.0206909,0.75116
1495014845931535,-0.644348,-0.13916,-0.0205688,0.751709
1495014845945862,-0.644348,-0.139282,-0.0204468,0.751709
1495014845968916,-0.644287,-0.139282,-0.0205078,0.751709
1495014845991977,-0.644653,-0.139099,-0.0206909,0.751465
1495014846006015,-0.644653,-0.138977,-0.0206299,0.751465
1495014846029154,-0.644226,-0.139343,-0.0205078,0.75177
1495014846035100,-0.644531,-0.139465,-0.0205688,0.751465
1495014846057281,-0.644348,-0.139282,-0.020874,0.751648
1495014846073193,-0.644226,-0.139221,-0.020752,0.75177
1495014846094445,-0.644226,-0.139221,-0.020752,0.75177
1495014846117500,-0.64447,-0.13916,-0.0205078,0.751587
1495014846133363,-0.644531,-0.138977,-0.0205688,0.751587
1495014846162430,-0.644714,-0.139038,-0.0205688,0.751404
1495014846177492,-0.64502,-0.138916,-0.0205078,0.75116
1495014846193523,-0.644958,-0.138855,-0.0204468,0.751221
1495014846214757,-0.644653,-0.138794,-0.0206299,0.751465
1495014846237631,-0.644897,-0.139038,-0.0209961,0.751221
1495014846260692,-0.644775,-0.138794,-0.0209351,0.751343
1495014846281994,-0.644775,-0.138245,-0.0210571,0.751465
1495014846296996,-0.644592,-0.137634,-0.0213013,0.75177
1495014846313833,-0.644592,-0.137268,-0.0216675,0.75177
1495014846334981,-0.644592,-0.137207,-0.0220337,0.75177
1495014846356953,-0.644836,-0.137024,-0.0218506,0.751587
1495014846372989,-0.64502,-0.137268,-0.0217896,0.751404
1495014846395057,-0.64502,-0.137268,-0.0217896,0.751404
1495014846417114,-0.645264,-0.137085,-0.0217896,0.751221
1495014846433151,-0.645996,-0.136841,-0.0212402,0.750671
1495014846454458,-0.645508,-0.136414,-0.0215454,0.75116
1495014846477466,-0.645935,-0.136169,-0.0216675,0.750854
1495014846493311,-0.64624,-0.136169,-0.0216064,0.750549
1495014846514555,-0.64563,-0.136475,-0.0213013,0.751038
1495014846537550,-0.645325,-0.136597,-0.0203857,0.751343
1495014846553478,-0.645386,-0.136108,-0.0206299,0.751343
1495014846574755,-0.646912,-0.135742,-0.0205078,0.750061
1495014846597589,-0.646423,-0.13562,-0.0204468,0.750549
1495014846613643,-0.646057,-0.135681,-0.0203247,0.750854
1495014846634886,-0.645813,-0.135803,-0.0194702,0.751099
1495014846656750,-0.645569,-0.135681,-0.019043,0.751282
1495014846673790,-0.645813,-0.135376,-0.019104,0.75116
1495014846694848,-0.646179,-0.134888,-0.0192261,0.750916
1495014846717093,-0.645996,-0.13446,-0.0192261,0.75116
1495014846734954,-0.645447,-0.134277,-0.0187988,0.751709
1495014846755007,-0.64447,-0.134216,-0.0181885,0.752563
1495014846777221,-0.643188,-0.134277,-0.0180054,0.753662
1495014846795115,-0.642822,-0.134277,-0.0182495,0.753906
1495014846814168,-0.642944,-0.134033,-0.0184937,0.753845
1495014846837420,-0.643494,-0.133911,-0.0184937,0.753418
1495014846855275,-0.64386,-0.133972,-0.0182495,0.753113
1495014846874560,-0.644165,-0.134094,-0.0181274,0.752869
1495014846897487,-0.644104,-0.134277,-0.0184937,0.752869
1495014846914431,-0.644226,-0.134277,-0.0184937,0.752747
1495014846934671,-0.64386,-0.134277,-0.0183105,0.753052
1495014846957546,-0.644043,-0.134338,-0.0180054,0.752869
1495014846974593,-0.643677,-0.134399,-0.0179443,0.753174
1495014846994841,-0.643677,-0.134399,-0.0179443,0.753235
1495014847016920,-0.644409,-0.134521,-0.0181274,0.752563
1495014847034754,-0.644775,-0.134644,-0.0180664,0.752197
1495014847054806,-0.644592,-0.134705,-0.0180054,0.75238
1495014847077114,-0.644348,-0.134705,-0.0180054,0.752563
1495014847094916,-0.644531,-0.134583,-0.0177612,0.752441
1495014847116971,-0.644653,-0.13446,-0.0176392,0.75238
1495014847137212,-0.644592,-0.13446,-0.0176392,0.75238
1495014847155074,-0.644592,-0.13446,-0.0176392,0.75238
1495014847174374,-0.644714,-0.134521,-0.0172729,0.752258
1495014847198199,-0.644714,-0.134521,-0.0172729,0.752319
1495014847215231,-0.644714,-0.134521,-0.0172729,0.752319
1495014847234533,-0.644287,-0.134583,-0.017334,0.752625
1495014847252332,-0.644592,-0.134766,-0.017334,0.75238
1495014847274390,-0.644775,-0.134705,-0.0172729,0.752258
1495014847295454,-0.644897,-0.134827,-0.0176392,0.752075
1495014847312492,-0.645386,-0.134827,-0.0184326,0.751648
1495014847334558,-0.645569,-0.134827,-0.0186768,0.751465
1495014847356607,-0.645935,-0.134949,-0.019043,0.75116
1495014847372650,-0.64624,-0.13501,-0.0195923,0.750854
1495014847395711,-0.646729,-0.135254,-0.0204468,0.750366
1495014847415772,-0.648132,-0.135742,-0.0204468,0.749084
1495014847431812,-0.647949,-0.135986,-0.0202026,0.749207
1495014847454884,-0.647888,-0.136292,-0.0205078,0.749146
1495014847475936,-0.648376,-0.136536,-0.020813,0.748657
1495014847491969,-0.648254,-0.137024,-0.0211182,0.748657
1495014847515032,-0.647583,-0.137024,-0.0212402,0.749268
1495014847538094,-0.647278,-0.137268,-0.0213013,0.749451
1495014847552129,-0.647766,-0.137207,-0.0214233,0.749084
1495014847575192,-0.647644,-0.137268,-0.0217285,0.749207
1495014847596247,-0.647461,-0.137207,-0.0210571,0.749329
1495014847611286,-0.646973,-0.137268,-0.0209351,0.749756
1495014847634350,-0.647156,-0.137268,-0.0211182,0.749573
1495014847656406,-0.647339,-0.13739,-0.0214233,0.749451
1495014847671456,-0.647339,-0.13739,-0.0214844,0.749451
1495014847694509,-0.647461,-0.137512,-0.0216675,0.749268
1495014847716567,-0.647644,-0.137268,-0.0217285,0.749207
1495014847731611,-0.647583,-0.13739,-0.0218506,0.749207
1495014847754671,-0.647339,-0.137268,-0.0216064,0.749451
1495014847776727,-0.647034,-0.136963,-0.0214233,0.749756
1495014847791766,-0.647156,-0.136841,-0.0217896,0.749634
1495014847813836,-0.647461,-0.136902,-0.0219727,0.74939
1495014847836889,-0.646851,-0.13678,-0.0219116,0.749939
1495014847850930,-0.64679,-0.136719,-0.0217896,0.75
1495014847874159,-0.646851,-0.136475,-0.0217285,0.75
1495014847896350,-0.646729,-0.136353,-0.0216675,0.750122
1495014847911265,-0.646729,-0.136169,-0.0213623,0.750122
1495014847934320,-0.646973,-0.135925,-0.0213013,0.75
1495014847956384,-0.6474,-0.135803,-0.0219116,0.749634
1495014847977444,-0.647766,-0.135681,-0.0220947,0.749329
1495014847994487,-0.647522,-0.135498,-0.0214844,0.749573
1495014848016575,-0.647217,-0.135559,-0.0212402,0.749878
1495014848030580,-0.647461,-0.135498,-0.0213013,0.749634
1495014848053817,-0.647827,-0.135132,-0.0217285,0.74939
1495014848076705,-0.647583,-0.135071,-0.0214233,0.749634
1495014848090740,-0.646912,-0.134827,-0.0205688,0.750244
1495014848113830,-0.646423,-0.13501,-0.020752,0.750671
1495014848136858,-0.64679,-0.134644,-0.0210571,0.750427
1495014848158078,-0.647583,-0.134277,-0.020752,0.749817
1495014848173962,-0.647156,-0.134338,-0.0198364,0.750183
1495014848204044,-0.646545,-0.134583,-0.0189209,0.750671
1495014848218206,-0.64624,-0.135498,-0.019104,0.750793
1495014848234123,-0.646179,-0.135193,-0.0195923,0.750854
1495014848256180,-0.646057,-0.135132,-0.0199585,0.750977
1495014848277420,-0.645996,-0.134766,-0.0198975,0.751099
1495014848294278,-0.646484,-0.134766,-0.0199585,0.750671
1495014848316350,-0.646667,-0.134827,-0.0202637,0.750488
1495014848337396,-0.646667,-0.134766,-0.0206299,0.750549
1495014848354437,-0.646912,-0.134766,-0.0203857,0.750305
1495014848376504,-0.646912,-0.134705,-0.0203247,0.750305
1495014848397731,-0.647095,-0.134705,-0.0205688,0.750122
1495014848413852,-0.647156,-0.134521,-0.0200806,0.750122
1495014848436660,-0.64624,-0.13446,-0.0189209,0.750916
1495014848457857,-0.645447,-0.133972,-0.0178833,0.75177
1495014848473775,-0.64563,-0.133301,-0.0178833,0.751709
1495014848496819,-0.646484,-0.132996,-0.0184326,0.751038
1495014848518122,-0.64624,-0.133118,-0.0183105,0.751221
1495014848533919,-0.644531,-0.133118,-0.0180054,0.752686
1495014848556975,-0.643921,-0.133423,-0.017395,0.753174
1495014848578032,-0.643555,-0.133179,-0.0175781,0.753479
1495014848594081,-0.644043,-0.133057,-0.0183105,0.753113
1495014848618147,-0.645142,-0.132874,-0.0182495,0.752197
1495014848639193,-0.644775,-0.133362,-0.0178833,0.752441
1495014848655236,-0.643921,-0.134033,-0.0172119,0.753052
1495014848676292,-0.642639,-0.134338,-0.0167236,0.754089
1495014848699353,-0.64209,-0.134277,-0.0169067,0.754578
1495014848714397,-0.641785,-0.134094,-0.017395,0.754883
1495014848736459,-0.642029,-0.133911,-0.0177612,0.7547
1495014848759515,-0.642029,-0.133728,-0.0177002,0.7547
1495014848780672,-0.641663,-0.133484,-0.0175171,0.755127
1495014848796614,-0.641602,-0.133484,-0.0174561,0.755127
1495014848818677,-0.641296,-0.133484,-0.0171509,0.755432
1495014848833710,-0.640625,-0.133545,-0.0167236,0.755981
1495014848856773,-0.639771,-0.133545,-0.0162964,0.756714
1495014848878844,-0.639465,-0.133484,-0.0158081,0.756958
1495014848893873,-0.639771,-0.133606,-0.015686,0.756714
1495014848916934,-0.639648,-0.133606,-0.0160522,0.756775
1495014848938990,-0.639709,-0.133606,-0.0165405,0.756775
1495014848953027,-0.640076,-0.133484,-0.0168457,0.75647
1495014848977097,-0.640625,-0.133423,-0.0169067,0.755981
1495014848999163,-0.640869,-0.133484,-0.0169678,0.755798
1495014849013191,-0.640686,-0.133728,-0.0170288,0.755859
1495014849036289,-0.640686,-0.133728,-0.0170288,0.75592
1495014849059312,-0.64093,-0.133423,-0.0172729,0.755737
1495014849073349,-0.641602,-0.133179,-0.0175781,0.755188
1495014849096409,-0.641541,-0.133118,-0.0178833,0.755249
1495014849119470,-0.641296,-0.133362,-0.0177002,0.755371
1495014849141537,-0.641113,-0.133423,-0.0174561,0.755554
1495014849156571,-0.641174,-0.133362,-0.0174561,0.755554
1495014849178626,-0.641357,-0.133362,-0.0178833,0.755371
1495014849200687,-0.641602,-0.13324,-0.0180664,0.755127
1495014849216729,-0.641846,-0.13324,-0.0181274,0.754944
1495014849238793,-0.641968,-0.133179,-0.0181274,0.754883
1495014849260848,-0.641907,-0.133179,-0.0181274,0.754883
1495014849276893,-0.641907,-0.133179,-0.0181274,0.754883
1495014849298948,-0.641724,-0.133118,-0.0184326,0.755066
1495014849320172,-0.641968,-0.133118,-0.0184937,0.754883
1495014849337049,-0.64209,-0.132935,-0.0185547,0.754822
1495014849359116,-0.642395,-0.132874,-0.0194702,0.754517
1495014849380342,-0.64325,-0.132813,-0.0205078,0.753784
1495014849396206,-0.644287,-0.132751,-0.0211792,0.75293
1495014849419274,-0.644897,-0.132629,-0.0215454,0.75238
1495014849440324,-0.64563,-0.132751,-0.0223389,0.751709
1495014849456373,-0.647217,-0.133057,-0.0236206,0.750183
1495014849485635,-0.648254,-0.13324,-0.0238037,0.749329
1495014849500705,-0.648132,-0.133423,-0.0236206,0.74939
1495014849516534,-0.648132,-0.133362,-0.0235596,0.74939
1495014849538611,-0.648376,-0.133362,-0.0240479,0.749146
1495014849561647,-0.648499,-0.133484,-0.0234985,0.749084
1495014849576689,-0.647705,-0.133362,-0.0230713,0.749756
1495014849600751,-0.647339,-0.133179,-0.0230713,0.750122
1495014849621807,-0.647461,-0.133057,-0.0230713,0.75
1495014849636848,-0.647278,-0.133118,-0.0231934,0.750183
1495014849658906,-0.646912,-0.133118,-0.0228271,0.750549
1495014849681969,-0.646973,-0.133362,-0.0227661,0.750427
1495014849697013,-0.647095,-0.133301,-0.0229492,0.750305
1495014849719076,-0.646973,-0.133057,-0.0233765,0.750427
1495014849741348,-0.647034,-0.132996,-0.0228271,0.750427
1495014849756168,-0.647034,-0.132996,-0.0228271,0.750427
1495014849779423,-0.647034,-0.132996,-0.0228271,0.750427
1495014849801496,-0.646606,-0.133057,-0.0230713,0.750793
1495014849815680,-0.646484,-0.132813,-0.0228882,0.750916
1495014849839581,-0.646545,-0.132629,-0.022583,0.750916
1495014849861673,-0.646179,-0.132507,-0.022583,0.751221
1495014849875683,-0.645935,-0.132507,-0.0228882,0.751465
1495014849898866,-0.646179,-0.132996,-0.0230713,0.75116
1495014849921800,-0.645874,-0.132996,-0.0227661,0.751404
1495014849935838,-0.645203,-0.132996,-0.0228882,0.752014
1495014849958909,-0.646118,-0.132751,-0.0231323,0.751221
1495014849981960,-0.645935,-0.13269,-0.0233765,0.751404
1495014849996286,-0.645447,-0.132507,-0.0233154,0.751831
1495014850019352,-0.645447,-0.132507,-0.0233154,0.751892
1495014850041415,-0.645874,-0.132446,-0.0234985,0.751526
1495014850062714,-0.646301,-0.132324,-0.0239258,0.751099
1495014850079507,-0.64624,-0.132202,-0.0235596,0.751221
1495014850101565,-0.645813,-0.132263,-0.0233154,0.751587
1495014850123624,-0.646057,-0.132141,-0.0233765,0.751404
1495014850138661,-0.645996,-0.131775,-0.0235596,0.751526
1495014850168765,-0.646179,-0.131958,-0.0234375,0.751282
1495014850182998,-0.646179,-0.131958,-0.0234375,0.751343
1495014850198824,-0.646118,-0.131958,-0.0233765,0.751343
1495014850221883,-0.646301,-0.131958,-0.0238037,0.751221
1495014850243077,-0.646301,-0.132141,-0.0236816,0.75116
1495014850258984,-0.646301,-0.132202,-0.0236816,0.75116
1495014850282045,-0.646301,-0.132141,-0.0236816,0.751221
1495014850303238,-0.64624,-0.132141,-0.0236816,0.751221
1495014850319233,-0.64624,-0.132141,-0.0236816,0.751221
1495014850341362,-0.646545,-0.131958,-0.0233154,0.750977
1495014850362530,-0.646423,-0.131714,-0.0230713,0.75116
1495014850379359,-0.64624,-0.131714,-0.0233154,0.751343
1495014850401411,-0.645996,-0.131836,-0.0231323,0.751526
1495014850422666,-0.645996,-0.132019,-0.0228271,0.751465
1495014850439512,-0.645569,-0.131653,-0.0220947,0.751953
1495014850461572,-0.645203,-0.131226,-0.0232544,0.752319
1495014850482807,-0.645691,-0.13092,-0.0240479,0.751953
1495014850498671,-0.64679,-0.131165,-0.0239868,0.750916
1495014850521730,-0.646057,-0.131165,-0.0237427,0.751587
1495014850543790,-0.646301,-0.13092,-0.0233154,0.751404
1495014850558836,-0.646851,-0.131165,-0.0241089,0.750916
1495014850581905,-0.647156,-0.131104,-0.0247803,0.75061
1495014850603959,-0.647583,-0.131104,-0.0253296,0.750244
1495014850618996,-0.648071,-0.131104,-0.0258179,0.749756
1495014850642052,-0.648315,-0.131287,-0.0263062,0.749512
1495014850670135,-0.648438,-0.131409,-0.0269165,0.74939
1495014850678158,-0.649597,-0.131409,-0.0268555,0.748352
1495014850701337,-0.650269,-0.131287,-0.0263062,0.747803
1495014850724270,-0.649597,-0.131287,-0.026062,0.748413
1495014850738305,-0.64917,-0.131104,-0.0259399,0.74884
1495014850761381,-0.649048,-0.130676,-0.026123,0.749023
1495014850784436,-0.64917,-0.130371,-0.0266113,0.748901
1495014850798474,-0.649109,-0.130127,-0.0273438,0.748962
1495014850821535,-0.649902,-0.130188,-0.0280151,0.748291
1495014850844601,-0.650818,-0.130554,-0.0285034,0.747375
1495014850858627,-0.651428,-0.130676,-0.0288086,0.746826
1495014850881695,-0.6521,-0.13092,-0.0290527,0.746216
1495014850903755,-0.651855,-0.13092,-0.029541,0.746399
1495014850918793,-0.652161,-0.130859,-0.0299683,0.746094
1495014850925815,-0.653564,-0.130554,-0.0301514,0.744934
1495014850946964,-0.65387,-0.130554,-0.0300293,0.744629
1495014850969929,-0.653442,-0.130798,-0.0307617,0.744995
1495014850985966,-0.654053,-0.130859,-0.0314941,0.744385
1495014851010031,-0.656128,-0.130798,-0.0320435,0.742554
1495014851030086,-0.656982,-0.130493,-0.0328979,0.741821
1495014851046137,-0.657776,-0.130371,-0.0335083,0.741089
1495014851067384,-0.658386,-0.130676,-0.0331421,0.740479
1495014851089490,-0.658447,-0.130981,-0.0328369,0.740417
1495014851106285,-0.65802,-0.131042,-0.0327759,0.740784
1495014851127352,-0.657898,-0.131042,-0.03302,0.740906
1495014851149405,-0.65802,-0.131226,-0.0334473,0.740723
1495014851166447,-0.658386,-0.131348,-0.0339355,0.740356
1495014851187504,-0.659668,-0.13147,-0.0344238,0.739197
1495014851209719,-0.660828,-0.131409,-0.0348511,0.738098
1495014851228611,-0.660706,-0.131165,-0.0353394,0.73822
1495014851246661,-0.660217,-0.131042,-0.0358887,0.738708
1495014851277886,-0.660522,-0.13092,-0.0355225,0.738464
1495014851285775,-0.659912,-0.130615,-0.0352783,0.739075
1495014851307010,-0.659302,-0.13031,-0.0357666,0.739624
1495014851330088,-0.659058,-0.129761,-0.036438,0.739929
1495014851345922,-0.660339,-0.129272,-0.036438,0.738892
1495014851367170,-0.661072,-0.128906,-0.036499,0.738281
1495014851390047,-0.661072,-0.128906,-0.036499,0.738281
1495014851406092,-0.66095,-0.129028,-0.0365601,0.738342
1495014851427139,-0.661255,-0.129089,-0.0365601,0.738098
1495014851450210,-0.661743,-0.129028,-0.036377,0.737671
1495014851467256,-0.661743,-0.129089,-0.036438,0.737671
1495014851487308,-0.661194,-0.128784,-0.0365601,0.738159
1495014851509544,-0.661194,-0.128784,-0.0365601,0.73822
1495014851527406,-0.66156,-0.128662,-0.0362549,0.737915
1495014851547473,-0.661499,-0.128601,-0.0361938,0.737976
1495014851569816,-0.661499,-0.128601,-0.0361938,0.737976
1495014851587566,-0.661499,-0.128601,-0.0362549,0.737976
1495014851607630,-0.661804,-0.128601,-0.0361328,0.737671
1495014851632689,-0.661865,-0.128357,-0.0360718,0.737671
1495014851647724,-0.661682,-0.128174,-0.0361938,0.737854
1495014851666784,-0.66156,-0.128113,-0.036438,0.737976
1495014851689948,-0.661316,-0.128052,-0.0366211,0.738159
1495014851706882,-0.661377,-0.12793,-0.0366821,0.738159
1495014851726947,-0.661499,-0.127625,-0.0367432,0.738098
1495014851750047,-0.661072,-0.127441,-0.0369263,0.738525
1495014851767050,-0.660828,-0.127441,-0.0371704,0.738708
1495014851787097,-0.660828,-0.127441,-0.0371704,0.738708
1495014851809385,-0.660767,-0.127441,-0.0371704,0.73877
1495014851827205,-0.660767,-0.12738,-0.0371704,0.73877
1495014851847446,-0.660278,-0.127441,-0.0372925,0.739197
1495014851869327,-0.660217,-0.127441,-0.0372925,0.739197
1495014851887366,-0.6604,-0.127502,-0.0371704,0.739075
1495014851907529,-0.660217,-0.127747,-0.0372925,0.739197
1495014851929613,-0.659973,-0.127686,-0.0375977,0.739441
1495014851947525,-0.660034,-0.127441,-0.0375977,0.73938
1495014851967587,-0.659973,-0.127441,-0.0375977,0.739441
1495014851989801,-0.659973,-0.12738,-0.0375977,0.739441
1495014852007685,-0.659485,-0.127625,-0.0377197,0.739807
1495014852026986,-0.659424,-0.127625,-0.0377197,0.739868
1495014852049990,-0.659546,-0.12738,-0.0375366,0.739868
1495014852067844,-0.659668,-0.127319,-0.0374756,0.739746
1495014852087900,-0.659668,-0.127319,-0.0374756,0.739746
1495014852111967,-0.659363,-0.127258,-0.0376587,0.740051
1495014852127009,-0.659302,-0.127136,-0.0375366,0.740112
1495014852148059,-0.659668,-0.127014,-0.0373535,0.739807
1495014852169297,-0.659668,-0.127014,-0.0372925,0.739807
1495014852187163,-0.659424,-0.127075,-0.0374756,0.73999
1495014852208226,-0.659363,-0.127075,-0.0375366,0.740051
1495014852229463,-0.659424,-0.126953,-0.0373535,0.740051
1495014852247321,-0.659546,-0.126892,-0.0372314,0.739929
1495014852268384,-0.659607,-0.126831,-0.0374756,0.739868
